"Date","Time (GMT)","Predicted (m)","Preliminary (m)","Verified (m)"
"2023/01/01","00:00","0.141","-","0.246"
"2023/01/01","00:06","0.132","-","0.241"
"2023/01/01","00:12","0.123","-","0.22"
"2023/01/01","00:18","0.116","-","0.235"
"2023/01/01","00:24","0.109","-","0.225"
"2023/01/01","00:30","0.103","-","0.206"
"2023/01/01","00:36","0.098","-","0.216"
"2023/01/01","00:42","0.093","-","0.218"
"2023/01/01","00:48","0.09","-","0.198"
"2023/01/01","00:54","0.086","-","0.191"
"2023/01/01","01:00","0.084","-","0.182"
"2023/01/01","01:06","0.082","-","0.196"
"2023/01/01","01:12","0.08","-","0.211"
"2023/01/01","01:18","0.079","-","0.223"
"2023/01/01","01:24","0.079","-","0.218"
"2023/01/01","01:30","0.079","-","0.227"
"2023/01/01","01:36","0.079","-","0.228"
"2023/01/01","01:42","0.08","-","0.237"
"2023/01/01","01:48","0.081","-","0.233"
"2023/01/01","01:54","0.082","-","0.249"
"2023/01/01","02:00","0.084","-","0.275"
"2023/01/01","02:06","0.087","-","0.284"
"2023/01/01","02:12","0.09","-","0.302"
"2023/01/01","02:18","0.093","-","0.314"
"2023/01/01","02:24","0.097","-","0.304"
"2023/01/01","02:30","0.101","-","0.323"
"2023/01/01","02:36","0.107","-","0.324"
"2023/01/01","02:42","0.112","-","0.314"
"2023/01/01","02:48","0.119","-","0.345"
"2023/01/01","02:54","0.126","-","0.365"
"2023/01/01","03:00","0.133","-","0.37"
"2023/01/01","03:06","0.142","-","0.397"
"2023/01/01","03:12","0.151","-","0.392"
"2023/01/01","03:18","0.162","-","0.406"
"2023/01/01","03:24","0.173","-","0.424"
"2023/01/01","03:30","0.185","-","0.429"
"2023/01/01","03:36","0.198","-","0.43"
"2023/01/01","03:42","0.211","-","0.454"
"2023/01/01","03:48","0.226","-","0.469"
"2023/01/01","03:54","0.242","-","0.476"
"2023/01/01","04:00","0.258","-","0.515"
"2023/01/01","04:06","0.276","-","0.52"
"2023/01/01","04:12","0.294","-","0.534"
"2023/01/01","04:18","0.314","-","0.571"
"2023/01/01","04:24","0.334","-","0.599"
"2023/01/01","04:30","0.355","-","0.613"
"2023/01/01","04:36","0.377","-","0.634"
"2023/01/01","04:42","0.4","-","0.624"
"2023/01/01","04:48","0.423","-","0.66"
"2023/01/01","04:54","0.447","-","0.684"
"2023/01/01","05:00","0.472","-","0.715"
"2023/01/01","05:06","0.497","-","0.71"
"2023/01/01","05:12","0.523","-","0.726"
"2023/01/01","05:18","0.549","-","0.768"
"2023/01/01","05:24","0.576","-","0.777"
"2023/01/01","05:30","0.602","-","0.8"
"2023/01/01","05:36","0.629","-","0.819"
"2023/01/01","05:42","0.656","-","0.831"
"2023/01/01","05:48","0.683","-","0.869"
"2023/01/01","05:54","0.71","-","0.87"
"2023/01/01","06:00","0.736","-","0.931"
"2023/01/01","06:06","0.762","-","0.951"
"2023/01/01","06:12","0.788","-","0.974"
"2023/01/01","06:18","0.813","-","0.969"
"2023/01/01","06:24","0.837","-","1.012"
"2023/01/01","06:30","0.86","-","1.055"
"2023/01/01","06:36","0.883","-","1.046"
"2023/01/01","06:42","0.905","-","1.042"
"2023/01/01","06:48","0.926","-","1.075"
"2023/01/01","06:54","0.945","-","1.11"
"2023/01/01","07:00","0.964","-","1.107"
"2023/01/01","07:06","0.981","-","1.139"
"2023/01/01","07:12","0.997","-","1.131"
"2023/01/01","07:18","1.012","-","1.15"
"2023/01/01","07:24","1.025","-","1.187"
"2023/01/01","07:30","1.037","-","1.186"
"2023/01/01","07:36","1.047","-","1.198"
"2023/01/01","07:42","1.056","-","1.193"
"2023/01/01","07:48","1.063","-","1.207"
"2023/01/01","07:54","1.069","-","1.186"
"2023/01/01","08:00","1.073","-","1.172"
"2023/01/01","08:06","1.076","-","1.174"
"2023/01/01","08:12","1.077","-","1.187"
"2023/01/01","08:18","1.077","-","1.196"
"2023/01/01","08:24","1.075","-","1.245"
"2023/01/01","08:30","1.071","-","1.223"
"2023/01/01","08:36","1.066","-","1.217"
"2023/01/01","08:42","1.06","-","1.223"
"2023/01/01","08:48","1.052","-","1.207"
"2023/01/01","08:54","1.042","-","1.185"
"2023/01/01","09:00","1.032","-","1.178"
"2023/01/01","09:06","1.02","-","1.18"
"2023/01/01","09:12","1.006","-","1.18"
"2023/01/01","09:18","0.991","-","1.152"
"2023/01/01","09:24","0.976","-","1.138"
"2023/01/01","09:30","0.959","-","1.145"
"2023/01/01","09:36","0.94","-","1.09"
"2023/01/01","09:42","0.921","-","1.057"
"2023/01/01","09:48","0.901","-","1.035"
"2023/01/01","09:54","0.88","-","1.045"
"2023/01/01","10:00","0.859","-","1.035"
"2023/01/01","10:06","0.836","-","1.018"
"2023/01/01","10:12","0.813","-","1.008"
"2023/01/01","10:18","0.79","-","0.966"
"2023/01/01","10:24","0.766","-","0.952"
"2023/01/01","10:30","0.741","-","0.902"
"2023/01/01","10:36","0.717","-","0.878"
"2023/01/01","10:42","0.692","-","0.858"
"2023/01/01","10:48","0.667","-","0.825"
"2023/01/01","10:54","0.643","-","0.817"
"2023/01/01","11:00","0.618","-","0.771"
"2023/01/01","11:06","0.594","-","0.736"
"2023/01/01","11:12","0.57","-","0.708"
"2023/01/01","11:18","0.547","-","0.675"
"2023/01/01","11:24","0.524","-","0.658"
"2023/01/01","11:30","0.501","-","0.633"
"2023/01/01","11:36","0.479","-","0.644"
"2023/01/01","11:42","0.458","-","0.631"
"2023/01/01","11:48","0.438","-","0.578"
"2023/01/01","11:54","0.418","-","0.557"
"2023/01/01","12:00","0.399","-","0.496"
"2023/01/01","12:06","0.381","-","0.475"
"2023/01/01","12:12","0.363","-","0.459"
"2023/01/01","12:18","0.347","-","0.439"
"2023/01/01","12:24","0.331","-","0.421"
"2023/01/01","12:30","0.316","-","0.397"
"2023/01/01","12:36","0.301","-","0.401"
"2023/01/01","12:42","0.288","-","0.368"
"2023/01/01","12:48","0.275","-","0.352"
"2023/01/01","12:54","0.263","-","0.335"
"2023/01/01","13:00","0.251","-","0.317"
"2023/01/01","13:06","0.24","-","0.324"
"2023/01/01","13:12","0.229","-","0.295"
"2023/01/01","13:18","0.219","-","0.303"
"2023/01/01","13:24","0.21","-","0.296"
"2023/01/01","13:30","0.201","-","0.292"
"2023/01/01","13:36","0.192","-","0.274"
"2023/01/01","13:42","0.184","-","0.266"
"2023/01/01","13:48","0.177","-","0.287"
"2023/01/01","13:54","0.169","-","0.264"
"2023/01/01","14:00","0.162","-","0.274"
"2023/01/01","14:06","0.156","-","0.266"
"2023/01/01","14:12","0.15","-","0.244"
"2023/01/01","14:18","0.144","-","0.251"
"2023/01/01","14:24","0.139","-","0.25"
"2023/01/01","14:30","0.134","-","0.245"
"2023/01/01","14:36","0.13","-","0.26"
"2023/01/01","14:42","0.126","-","0.249"
"2023/01/01","14:48","0.123","-","0.249"
"2023/01/01","14:54","0.121","-","0.257"
"2023/01/01","15:00","0.119","-","0.263"
"2023/01/01","15:06","0.118","-","0.237"
"2023/01/01","15:12","0.117","-","0.263"
"2023/01/01","15:18","0.118","-","0.254"
"2023/01/01","15:24","0.119","-","0.258"
"2023/01/01","15:30","0.121","-","0.296"
"2023/01/01","15:36","0.124","-","0.272"
"2023/01/01","15:42","0.127","-","0.282"
"2023/01/01","15:48","0.132","-","0.287"
"2023/01/01","15:54","0.138","-","0.303"
"2023/01/01","16:00","0.145","-","0.305"
"2023/01/01","16:06","0.152","-","0.327"
"2023/01/01","16:12","0.161","-","0.312"
"2023/01/01","16:18","0.171","-","0.29"
"2023/01/01","16:24","0.182","-","0.287"
"2023/01/01","16:30","0.193","-","0.299"
"2023/01/01","16:36","0.206","-","0.328"
"2023/01/01","16:42","0.22","-","0.342"
"2023/01/01","16:48","0.235","-","0.357"
"2023/01/01","16:54","0.25","-","0.377"
"2023/01/01","17:00","0.267","-","0.387"
"2023/01/01","17:06","0.285","-","0.399"
"2023/01/01","17:12","0.303","-","0.393"
"2023/01/01","17:18","0.322","-","0.418"
"2023/01/01","17:24","0.342","-","0.429"
"2023/01/01","17:30","0.363","-","0.442"
"2023/01/01","17:36","0.384","-","0.478"
"2023/01/01","17:42","0.405","-","0.508"
"2023/01/01","17:48","0.427","-","0.503"
"2023/01/01","17:54","0.45","-","0.505"
"2023/01/01","18:00","0.472","-","0.535"
"2023/01/01","18:06","0.495","-","0.547"
"2023/01/01","18:12","0.518","-","0.603"
"2023/01/01","18:18","0.541","-","0.622"
"2023/01/01","18:24","0.563","-","0.618"
"2023/01/01","18:30","0.586","-","0.637"
"2023/01/01","18:36","0.608","-","0.655"
"2023/01/01","18:42","0.63","-","0.668"
"2023/01/01","18:48","0.651","-","0.68"
"2023/01/01","18:54","0.672","-","0.71"
"2023/01/01","19:00","0.692","-","0.723"
"2023/01/01","19:06","0.711","-","0.742"
"2023/01/01","19:12","0.729","-","0.783"
"2023/01/01","19:18","0.747","-","0.771"
"2023/01/01","19:24","0.763","-","0.782"
"2023/01/01","19:30","0.778","-","0.78"
"2023/01/01","19:36","0.793","-","0.792"
"2023/01/01","19:42","0.806","-","0.823"
"2023/01/01","19:48","0.817","-","0.855"
"2023/01/01","19:54","0.828","-","0.881"
"2023/01/01","20:00","0.837","-","0.89"
"2023/01/01","20:06","0.845","-","0.9"
"2023/01/01","20:12","0.851","-","0.924"
"2023/01/01","20:18","0.856","-","0.928"
"2023/01/01","20:24","0.86","-","0.933"
"2023/01/01","20:30","0.862","-","0.928"
"2023/01/01","20:36","0.862","-","0.923"
"2023/01/01","20:42","0.861","-","0.951"
"2023/01/01","20:48","0.859","-","0.968"
"2023/01/01","20:54","0.855","-","0.976"
"2023/01/01","21:00","0.85","-","0.976"
"2023/01/01","21:06","0.843","-","0.953"
"2023/01/01","21:12","0.835","-","0.946"
"2023/01/01","21:18","0.825","-","0.957"
"2023/01/01","21:24","0.814","-","0.948"
"2023/01/01","21:30","0.802","-","0.935"
"2023/01/01","21:36","0.789","-","0.92"
"2023/01/01","21:42","0.774","-","0.935"
"2023/01/01","21:48","0.758","-","0.908"
"2023/01/01","21:54","0.741","-","0.887"
"2023/01/01","22:00","0.723","-","0.869"
"2023/01/01","22:06","0.704","-","0.834"
"2023/01/01","22:12","0.684","-","0.813"
"2023/01/01","22:18","0.663","-","0.817"
"2023/01/01","22:24","0.641","-","0.813"
"2023/01/01","22:30","0.619","-","0.789"
"2023/01/01","22:36","0.596","-","0.774"
"2023/01/01","22:42","0.573","-","0.755"
"2023/01/01","22:48","0.549","-","0.714"
"2023/01/01","22:54","0.525","-","0.701"
"2023/01/01","23:00","0.501","-","0.681"
"2023/01/01","23:06","0.477","-","0.648"
"2023/01/01","23:12","0.453","-","0.623"
"2023/01/01","23:18","0.429","-","0.604"
"2023/01/01","23:24","0.406","-","0.591"
"2023/01/01","23:30","0.383","-","0.549"
"2023/01/01","23:36","0.36","-","0.508"
"2023/01/01","23:42","0.338","-","0.474"
"2023/01/01","23:48","0.317","-","0.458"
"2023/01/01","23:54","0.296","-","0.438"
"2023/01/02","00:00","0.276","-","0.411"
"2023/01/02","00:06","0.257","-","0.393"
"2023/01/02","00:12","0.24","-","0.353"
"2023/01/02","00:18","0.223","-","0.316"
"2023/01/02","00:24","0.207","-","0.296"
"2023/01/02","00:30","0.192","-","0.281"
"2023/01/02","00:36","0.178","-","0.256"
"2023/01/02","00:42","0.165","-","0.233"
"2023/01/02","00:48","0.154","-","0.212"
"2023/01/02","00:54","0.143","-","0.191"
"2023/01/02","01:00","0.133","-","0.176"
"2023/01/02","01:06","0.125","-","0.148"
"2023/01/02","01:12","0.117","-","0.143"
"2023/01/02","01:18","0.11","-","0.131"
"2023/01/02","01:24","0.104","-","0.132"
"2023/01/02","01:30","0.099","-","0.146"
"2023/01/02","01:36","0.095","-","0.137"
"2023/01/02","01:42","0.091","-","0.138"
"2023/01/02","01:48","0.088","-","0.13"
"2023/01/02","01:54","0.086","-","0.131"
"2023/01/02","02:00","0.085","-","0.128"
"2023/01/02","02:06","0.084","-","0.137"
"2023/01/02","02:12","0.083","-","0.154"
"2023/01/02","02:18","0.083","-","0.147"
"2023/01/02","02:24","0.084","-","0.155"
"2023/01/02","02:30","0.085","-","0.155"
"2023/01/02","02:36","0.087","-","0.166"
"2023/01/02","02:42","0.089","-","0.176"
"2023/01/02","02:48","0.092","-","0.193"
"2023/01/02","02:54","0.095","-","0.193"
"2023/01/02","03:00","0.098","-","0.21"
"2023/01/02","03:06","0.103","-","0.208"
"2023/01/02","03:12","0.107","-","0.225"
"2023/01/02","03:18","0.113","-","0.245"
"2023/01/02","03:24","0.118","-","0.243"
"2023/01/02","03:30","0.125","-","0.262"
"2023/01/02","03:36","0.132","-","0.268"
"2023/01/02","03:42","0.139","-","0.305"
"2023/01/02","03:48","0.148","-","0.328"
"2023/01/02","03:54","0.157","-","0.318"
"2023/01/02","04:00","0.166","-","0.309"
"2023/01/02","04:06","0.177","-","0.33"
"2023/01/02","04:12","0.188","-","0.369"
"2023/01/02","04:18","0.2","-","0.366"
"2023/01/02","04:24","0.212","-","0.387"
"2023/01/02","04:30","0.226","-","0.398"
"2023/01/02","04:36","0.24","-","0.413"
"2023/01/02","04:42","0.255","-","0.435"
"2023/01/02","04:48","0.271","-","0.449"
"2023/01/02","04:54","0.287","-","0.487"
"2023/01/02","05:00","0.304","-","0.504"
"2023/01/02","05:06","0.322","-","0.532"
"2023/01/02","05:12","0.341","-","0.545"
"2023/01/02","05:18","0.361","-","0.541"
"2023/01/02","05:24","0.381","-","0.576"
"2023/01/02","05:30","0.402","-","0.574"
"2023/01/02","05:36","0.423","-","0.594"
"2023/01/02","05:42","0.445","-","0.613"
"2023/01/02","05:48","0.467","-","0.641"
"2023/01/02","05:54","0.49","-","0.663"
"2023/01/02","06:00","0.514","-","0.671"
"2023/01/02","06:06","0.538","-","0.679"
"2023/01/02","06:12","0.562","-","0.688"
"2023/01/02","06:18","0.586","-","0.714"
"2023/01/02","06:24","0.611","-","0.739"
"2023/01/02","06:30","0.635","-","0.772"
"2023/01/02","06:36","0.66","-","0.788"
"2023/01/02","06:42","0.684","-","0.802"
"2023/01/02","06:48","0.709","-","0.822"
"2023/01/02","06:54","0.733","-","0.837"
"2023/01/02","07:00","0.757","-","0.85"
"2023/01/02","07:06","0.781","-","0.861"
"2023/01/02","07:12","0.804","-","0.883"
"2023/01/02","07:18","0.827","-","0.922"
"2023/01/02","07:24","0.849","-","0.951"
"2023/01/02","07:30","0.87","-","0.955"
"2023/01/02","07:36","0.891","-","0.969"
"2023/01/02","07:42","0.911","-","0.989"
"2023/01/02","07:48","0.93","-","1.008"
"2023/01/02","07:54","0.948","-","1.016"
"2023/01/02","08:00","0.965","-","1.035"
"2023/01/02","08:06","0.981","-","1.06"
"2023/01/02","08:12","0.996","-","1.056"
"2023/01/02","08:18","1.009","-","1.068"
"2023/01/02","08:24","1.022","-","1.076"
"2023/01/02","08:30","1.033","-","1.085"
"2023/01/02","08:36","1.043","-","1.079"
"2023/01/02","08:42","1.051","-","1.084"
"2023/01/02","08:48","1.058","-","1.09"
"2023/01/02","08:54","1.064","-","1.108"
"2023/01/02","09:00","1.068","-","1.127"
"2023/01/02","09:06","1.071","-","1.13"
"2023/01/02","09:12","1.073","-","1.122"
"2023/01/02","09:18","1.073","-","1.141"
"2023/01/02","09:24","1.071","-","1.142"
"2023/01/02","09:30","1.068","-","1.134"
"2023/01/02","09:36","1.063","-","1.131"
"2023/01/02","09:42","1.057","-","1.129"
"2023/01/02","09:48","1.05","-","1.125"
"2023/01/02","09:54","1.041","-","1.112"
"2023/01/02","10:00","1.03","-","1.104"
"2023/01/02","10:06","1.018","-","1.097"
"2023/01/02","10:12","1.005","-","1.085"
"2023/01/02","10:18","0.99","-","1.07"
"2023/01/02","10:24","0.974","-","1.065"
"2023/01/02","10:30","0.957","-","1.05"
"2023/01/02","10:36","0.939","-","1.031"
"2023/01/02","10:42","0.919","-","1.009"
"2023/01/02","10:48","0.899","-","1.001"
"2023/01/02","10:54","0.877","-","0.974"
"2023/01/02","11:00","0.855","-","0.953"
"2023/01/02","11:06","0.832","-","0.94"
"2023/01/02","11:12","0.808","-","0.909"
"2023/01/02","11:18","0.783","-","0.876"
"2023/01/02","11:24","0.758","-","0.862"
"2023/01/02","11:30","0.733","-","0.846"
"2023/01/02","11:36","0.708","-","0.816"
"2023/01/02","11:42","0.682","-","0.789"
"2023/01/02","11:48","0.656","-","0.762"
"2023/01/02","11:54","0.631","-","0.737"
"2023/01/02","12:00","0.605","-","0.722"
"2023/01/02","12:06","0.58","-","0.697"
"2023/01/02","12:12","0.555","-","0.661"
"2023/01/02","12:18","0.531","-","0.642"
"2023/01/02","12:24","0.507","-","0.619"
"2023/01/02","12:30","0.483","-","0.59"
"2023/01/02","12:36","0.461","-","0.567"
"2023/01/02","12:42","0.439","-","0.538"
"2023/01/02","12:48","0.417","-","0.515"
"2023/01/02","12:54","0.397","-","0.494"
"2023/01/02","13:00","0.377","-","0.472"
"2023/01/02","13:06","0.358","-","0.459"
"2023/01/02","13:12","0.34","-","0.439"
"2023/01/02","13:18","0.323","-","0.411"
"2023/01/02","13:24","0.306","-","0.388"
"2023/01/02","13:30","0.291","-","0.376"
"2023/01/02","13:36","0.276","-","0.354"
"2023/01/02","13:42","0.262","-","0.336"
"2023/01/02","13:48","0.248","-","0.321"
"2023/01/02","13:54","0.236","-","0.317"
"2023/01/02","14:00","0.224","-","0.316"
"2023/01/02","14:06","0.212","-","0.291"
"2023/01/02","14:12","0.202","-","0.282"
"2023/01/02","14:18","0.191","-","0.278"
"2023/01/02","14:24","0.182","-","0.262"
"2023/01/02","14:30","0.173","-","0.258"
"2023/01/02","14:36","0.164","-","0.249"
"2023/01/02","14:42","0.157","-","0.254"
"2023/01/02","14:48","0.149","-","0.257"
"2023/01/02","14:54","0.142","-","0.249"
"2023/01/02","15:00","0.136","-","0.24"
"2023/01/02","15:06","0.13","-","0.241"
"2023/01/02","15:12","0.125","-","0.241"
"2023/01/02","15:18","0.12","-","0.23"
"2023/01/02","15:24","0.116","-","0.231"
"2023/01/02","15:30","0.113","-","0.227"
"2023/01/02","15:36","0.11","-","0.222"
"2023/01/02","15:42","0.108","-","0.22"
"2023/01/02","15:48","0.106","-","0.211"
"2023/01/02","15:54","0.105","-","0.223"
"2023/01/02","16:00","0.105","-","0.212"
"2023/01/02","16:06","0.105","-","0.205"
"2023/01/02","16:12","0.107","-","0.212"
"2023/01/02","16:18","0.109","-","0.216"
"2023/01/02","16:24","0.112","-","0.215"
"2023/01/02","16:30","0.116","-","0.221"
"2023/01/02","16:36","0.12","-","0.233"
"2023/01/02","16:42","0.126","-","0.231"
"2023/01/02","16:48","0.132","-","0.236"
"2023/01/02","16:54","0.139","-","0.248"
"2023/01/02","17:00","0.148","-","0.245"
"2023/01/02","17:06","0.157","-","0.255"
"2023/01/02","17:12","0.167","-","0.267"
"2023/01/02","17:18","0.178","-","0.27"
"2023/01/02","17:24","0.189","-","0.271"
"2023/01/02","17:30","0.202","-","0.301"
"2023/01/02","17:36","0.216","-","0.304"
"2023/01/02","17:42","0.23","-","0.295"
"2023/01/02","17:48","0.245","-","0.318"
"2023/01/02","17:54","0.261","-","0.329"
"2023/01/02","18:00","0.278","-","0.349"
"2023/01/02","18:06","0.296","-","0.362"
"2023/01/02","18:12","0.314","-","0.38"
"2023/01/02","18:18","0.333","-","0.398"
"2023/01/02","18:24","0.352","-","0.422"
"2023/01/02","18:30","0.372","-","0.431"
"2023/01/02","18:36","0.392","-","0.458"
"2023/01/02","18:42","0.413","-","0.478"
"2023/01/02","18:48","0.434","-","0.484"
"2023/01/02","18:54","0.456","-","0.513"
"2023/01/02","19:00","0.477","-","0.546"
"2023/01/02","19:06","0.499","-","0.577"
"2023/01/02","19:12","0.521","-","0.602"
"2023/01/02","19:18","0.543","-","0.625"
"2023/01/02","19:24","0.564","-","0.644"
"2023/01/02","19:30","0.586","-","0.671"
"2023/01/02","19:36","0.607","-","0.699"
"2023/01/02","19:42","0.628","-","0.724"
"2023/01/02","19:48","0.648","-","0.747"
"2023/01/02","19:54","0.668","-","0.779"
"2023/01/02","20:00","0.687","-","0.813"
"2023/01/02","20:06","0.706","-","0.831"
"2023/01/02","20:12","0.724","-","0.849"
"2023/01/02","20:18","0.74","-","0.873"
"2023/01/02","20:24","0.756","-","0.886"
"2023/01/02","20:30","0.771","-","0.901"
"2023/01/02","20:36","0.785","-","0.922"
"2023/01/02","20:42","0.798","-","0.944"
"2023/01/02","20:48","0.81","-","0.952"
"2023/01/02","20:54","0.82","-","0.965"
"2023/01/02","21:00","0.829","-","0.969"
"2023/01/02","21:06","0.837","-","0.989"
"2023/01/02","21:12","0.844","-","0.991"
"2023/01/02","21:18","0.849","-","1.003"
"2023/01/02","21:24","0.852","-","1.005"
"2023/01/02","21:30","0.854","-","0.997"
"2023/01/02","21:36","0.855","-","1.011"
"2023/01/02","21:42","0.854","-","1.001"
"2023/01/02","21:48","0.852","-","1"
"2023/01/02","21:54","0.848","-","0.991"
"2023/01/02","22:00","0.842","-","0.986"
"2023/01/02","22:06","0.835","-","0.991"
"2023/01/02","22:12","0.827","-","0.995"
"2023/01/02","22:18","0.817","-","0.975"
"2023/01/02","22:24","0.805","-","0.958"
"2023/01/02","22:30","0.793","-","0.937"
"2023/01/02","22:36","0.778","-","0.924"
"2023/01/02","22:42","0.763","-","0.906"
"2023/01/02","22:48","0.746","-","0.888"
"2023/01/02","22:54","0.728","-","0.869"
"2023/01/02","23:00","0.709","-","0.853"
"2023/01/02","23:06","0.688","-","0.833"
"2023/01/02","23:12","0.667","-","0.818"
"2023/01/02","23:18","0.645","-","0.789"
"2023/01/02","23:24","0.622","-","0.767"
"2023/01/02","23:30","0.599","-","0.729"
"2023/01/02","23:36","0.575","-","0.712"
"2023/01/02","23:42","0.55","-","0.696"
"2023/01/02","23:48","0.525","-","0.662"
"2023/01/02","23:54","0.5","-","0.627"
"2023/01/03","00:00","0.475","-","0.599"
"2023/01/03","00:06","0.45","-","0.565"
"2023/01/03","00:12","0.425","-","0.551"
"2023/01/03","00:18","0.401","-","0.529"
"2023/01/03","00:24","0.377","-","0.505"
"2023/01/03","00:30","0.353","-","0.473"
"2023/01/03","00:36","0.33","-","0.441"
"2023/01/03","00:42","0.308","-","0.434"
"2023/01/03","00:48","0.286","-","0.41"
"2023/01/03","00:54","0.265","-","0.372"
"2023/01/03","01:00","0.246","-","0.353"
"2023/01/03","01:06","0.227","-","0.328"
"2023/01/03","01:12","0.21","-","0.313"
"2023/01/03","01:18","0.193","-","0.299"
"2023/01/03","01:24","0.178","-","0.287"
"2023/01/03","01:30","0.163","-","0.275"
"2023/01/03","01:36","0.15","-","0.247"
"2023/01/03","01:42","0.138","-","0.214"
"2023/01/03","01:48","0.128","-","0.214"
"2023/01/03","01:54","0.118","-","0.213"
"2023/01/03","02:00","0.109","-","0.177"
"2023/01/03","02:06","0.102","-","0.182"
"2023/01/03","02:12","0.095","-","0.169"
"2023/01/03","02:18","0.09","-","0.173"
"2023/01/03","02:24","0.085","-","0.175"
"2023/01/03","02:30","0.082","-","0.162"
"2023/01/03","02:36","0.079","-","0.166"
"2023/01/03","02:42","0.077","-","0.169"
"2023/01/03","02:48","0.076","-","0.174"
"2023/01/03","02:54","0.075","-","0.178"
"2023/01/03","03:00","0.076","-","0.191"
"2023/01/03","03:06","0.077","-","0.195"
"2023/01/03","03:12","0.078","-","0.21"
"2023/01/03","03:18","0.081","-","0.2"
"2023/01/03","03:24","0.083","-","0.218"
"2023/01/03","03:30","0.087","-","0.229"
"2023/01/03","03:36","0.091","-","0.227"
"2023/01/03","03:42","0.095","-","0.254"
"2023/01/03","03:48","0.1","-","0.261"
"2023/01/03","03:54","0.106","-","0.281"
"2023/01/03","04:00","0.112","-","0.282"
"2023/01/03","04:06","0.119","-","0.301"
"2023/01/03","04:12","0.126","-","0.299"
"2023/01/03","04:18","0.134","-","0.316"
"2023/01/03","04:24","0.142","-","0.337"
"2023/01/03","04:30","0.151","-","0.331"
"2023/01/03","04:36","0.16","-","0.346"
"2023/01/03","04:42","0.17","-","0.376"
"2023/01/03","04:48","0.18","-","0.378"
"2023/01/03","04:54","0.191","-","0.385"
"2023/01/03","05:00","0.203","-","0.391"
"2023/01/03","05:06","0.215","-","0.401"
"2023/01/03","05:12","0.228","-","0.416"
"2023/01/03","05:18","0.241","-","0.439"
"2023/01/03","05:24","0.255","-","0.438"
"2023/01/03","05:30","0.269","-","0.466"
"2023/01/03","05:36","0.285","-","0.494"
"2023/01/03","05:42","0.3","-","0.485"
"2023/01/03","05:48","0.316","-","0.502"
"2023/01/03","05:54","0.333","-","0.525"
"2023/01/03","06:00","0.351","-","0.537"
"2023/01/03","06:06","0.369","-","0.537"
"2023/01/03","06:12","0.387","-","0.563"
"2023/01/03","06:18","0.406","-","0.586"
"2023/01/03","06:24","0.426","-","0.605"
"2023/01/03","06:30","0.446","-","0.606"
"2023/01/03","06:36","0.466","-","0.621"
"2023/01/03","06:42","0.487","-","0.646"
"2023/01/03","06:48","0.509","-","0.659"
"2023/01/03","06:54","0.531","-","0.669"
"2023/01/03","07:00","0.553","-","0.696"
"2023/01/03","07:06","0.575","-","0.712"
"2023/01/03","07:12","0.598","-","0.725"
"2023/01/03","07:18","0.621","-","0.75"
"2023/01/03","07:24","0.644","-","0.756"
"2023/01/03","07:30","0.667","-","0.779"
"2023/01/03","07:36","0.69","-","0.79"
"2023/01/03","07:42","0.714","-","0.805"
"2023/01/03","07:48","0.737","-","0.833"
"2023/01/03","07:54","0.76","-","0.866"
"2023/01/03","08:00","0.782","-","0.888"
"2023/01/03","08:06","0.805","-","0.907"
"2023/01/03","08:12","0.827","-","0.932"
"2023/01/03","08:18","0.848","-","0.951"
"2023/01/03","08:24","0.869","-","0.976"
"2023/01/03","08:30","0.89","-","0.996"
"2023/01/03","08:36","0.91","-","1.006"
"2023/01/03","08:42","0.929","-","1.04"
"2023/01/03","08:48","0.947","-","1.071"
"2023/01/03","08:54","0.964","-","1.089"
"2023/01/03","09:00","0.98","-","1.107"
"2023/01/03","09:06","0.996","-","1.122"
"2023/01/03","09:12","1.01","-","1.117"
"2023/01/03","09:18","1.023","-","1.14"
"2023/01/03","09:24","1.034","-","1.168"
"2023/01/03","09:30","1.045","-","1.187"
"2023/01/03","09:36","1.054","-","1.198"
"2023/01/03","09:42","1.062","-","1.205"
"2023/01/03","09:48","1.068","-","1.21"
"2023/01/03","09:54","1.073","-","1.217"
"2023/01/03","10:00","1.076","-","1.229"
"2023/01/03","10:06","1.078","-","1.227"
"2023/01/03","10:12","1.079","-","1.231"
"2023/01/03","10:18","1.077","-","1.245"
"2023/01/03","10:24","1.074","-","1.248"
"2023/01/03","10:30","1.07","-","1.236"
"2023/01/03","10:36","1.064","-","1.234"
"2023/01/03","10:42","1.056","-","1.219"
"2023/01/03","10:48","1.046","-","1.21"
"2023/01/03","10:54","1.036","-","1.217"
"2023/01/03","11:00","1.023","-","1.215"
"2023/01/03","11:06","1.009","-","1.204"
"2023/01/03","11:12","0.994","-","1.181"
"2023/01/03","11:18","0.977","-","1.161"
"2023/01/03","11:24","0.958","-","1.133"
"2023/01/03","11:30","0.939","-","1.117"
"2023/01/03","11:36","0.918","-","1.106"
"2023/01/03","11:42","0.896","-","1.08"
"2023/01/03","11:48","0.873","-","1.062"
"2023/01/03","11:54","0.849","-","1.057"
"2023/01/03","12:00","0.825","-","1.034"
"2023/01/03","12:06","0.799","-","0.995"
"2023/01/03","12:12","0.773","-","0.956"
"2023/01/03","12:18","0.747","-","0.914"
"2023/01/03","12:24","0.72","-","0.897"
"2023/01/03","12:30","0.692","-","0.888"
"2023/01/03","12:36","0.665","-","0.851"
"2023/01/03","12:42","0.638","-","0.809"
"2023/01/03","12:48","0.61","-","0.785"
"2023/01/03","12:54","0.583","-","0.756"
"2023/01/03","13:00","0.556","-","0.7"
"2023/01/03","13:06","0.53","-","0.68"
"2023/01/03","13:12","0.504","-","0.648"
"2023/01/03","13:18","0.478","-","0.628"
"2023/01/03","13:24","0.454","-","0.625"
"2023/01/03","13:30","0.43","-","0.605"
"2023/01/03","13:36","0.406","-","0.586"
"2023/01/03","13:42","0.384","-","0.555"
"2023/01/03","13:48","0.362","-","0.517"
"2023/01/03","13:54","0.342","-","0.485"
"2023/01/03","14:00","0.322","-","0.478"
"2023/01/03","14:06","0.303","-","0.454"
"2023/01/03","14:12","0.285","-","0.422"
"2023/01/03","14:18","0.268","-","0.403"
"2023/01/03","14:24","0.252","-","0.4"
"2023/01/03","14:30","0.237","-","0.392"
"2023/01/03","14:36","0.222","-","0.353"
"2023/01/03","14:42","0.209","-","0.352"
"2023/01/03","14:48","0.196","-","0.339"
"2023/01/03","14:54","0.185","-","0.323"
"2023/01/03","15:00","0.174","-","0.344"
"2023/01/03","15:06","0.164","-","0.34"
"2023/01/03","15:12","0.154","-","0.313"
"2023/01/03","15:18","0.145","-","0.309"
"2023/01/03","15:24","0.137","-","0.294"
"2023/01/03","15:30","0.13","-","0.294"
"2023/01/03","15:36","0.123","-","0.295"
"2023/01/03","15:42","0.117","-","0.299"
"2023/01/03","15:48","0.112","-","0.296"
"2023/01/03","15:54","0.107","-","0.282"
"2023/01/03","16:00","0.103","-","0.28"
"2023/01/03","16:06","0.099","-","0.288"
"2023/01/03","16:12","0.096","-","0.276"
"2023/01/03","16:18","0.094","-","0.256"
"2023/01/03","16:24","0.092","-","0.276"
"2023/01/03","16:30","0.091","-","0.28"
"2023/01/03","16:36","0.091","-","0.309"
"2023/01/03","16:42","0.091","-","0.296"
"2023/01/03","16:48","0.092","-","0.291"
"2023/01/03","16:54","0.093","-","0.321"
"2023/01/03","17:00","0.096","-","0.319"
"2023/01/03","17:06","0.099","-","0.319"
"2023/01/03","17:12","0.102","-","0.323"
"2023/01/03","17:18","0.107","-","0.33"
"2023/01/03","17:24","0.112","-","0.328"
"2023/01/03","17:30","0.118","-","0.34"
"2023/01/03","17:36","0.125","-","0.336"
"2023/01/03","17:42","0.132","-","0.359"
"2023/01/03","17:48","0.14","-","0.365"
"2023/01/03","17:54","0.149","-","0.364"
"2023/01/03","18:00","0.159","-","0.387"
"2023/01/03","18:06","0.17","-","0.385"
"2023/01/03","18:12","0.181","-","0.408"
"2023/01/03","18:18","0.193","-","0.429"
"2023/01/03","18:24","0.206","-","0.412"
"2023/01/03","18:30","0.22","-","0.428"
"2023/01/03","18:36","0.235","-","0.452"
"2023/01/03","18:42","0.25","-","0.464"
"2023/01/03","18:48","0.266","-","0.483"
"2023/01/03","18:54","0.283","-","0.5"
"2023/01/03","19:00","0.3","-","0.494"
"2023/01/03","19:06","0.318","-","0.51"
"2023/01/03","19:12","0.337","-","0.537"
"2023/01/03","19:18","0.356","-","0.543"
"2023/01/03","19:24","0.376","-","0.569"
"2023/01/03","19:30","0.396","-","0.596"
"2023/01/03","19:36","0.417","-","0.609"
"2023/01/03","19:42","0.438","-","0.642"
"2023/01/03","19:48","0.46","-","0.661"
"2023/01/03","19:54","0.482","-","0.677"
"2023/01/03","20:00","0.504","-","0.694"
"2023/01/03","20:06","0.526","-","0.704"
"2023/01/03","20:12","0.548","-","0.725"
"2023/01/03","20:18","0.57","-","0.746"
"2023/01/03","20:24","0.592","-","0.796"
"2023/01/03","20:30","0.614","-","0.831"
"2023/01/03","20:36","0.636","-","0.833"
"2023/01/03","20:42","0.657","-","0.863"
"2023/01/03","20:48","0.677","-","0.895"
"2023/01/03","20:54","0.697","-","0.928"
"2023/01/03","21:00","0.717","-","0.951"
"2023/01/03","21:06","0.735","-","0.962"
"2023/01/03","21:12","0.753","-","0.986"
"2023/01/03","21:18","0.77","-","0.993"
"2023/01/03","21:24","0.786","-","1"
"2023/01/03","21:30","0.8","-","1.006"
"2023/01/03","21:36","0.814","-","1.001"
"2023/01/03","21:42","0.826","-","1.026"
"2023/01/03","21:48","0.837","-","1.032"
"2023/01/03","21:54","0.847","-","1.039"
"2023/01/03","22:00","0.855","-","1.047"
"2023/01/03","22:06","0.862","-","1.051"
"2023/01/03","22:12","0.867","-","1.05"
"2023/01/03","22:18","0.871","-","1.06"
"2023/01/03","22:24","0.873","-","1.066"
"2023/01/03","22:30","0.873","-","1.073"
"2023/01/03","22:36","0.872","-","1.077"
"2023/01/03","22:42","0.869","-","1.076"
"2023/01/03","22:48","0.865","-","1.064"
"2023/01/03","22:54","0.859","-","1.065"
"2023/01/03","23:00","0.851","-","1.062"
"2023/01/03","23:06","0.841","-","1.048"
"2023/01/03","23:12","0.83","-","1.025"
"2023/01/03","23:18","0.817","-","1.014"
"2023/01/03","23:24","0.803","-","1.007"
"2023/01/03","23:30","0.788","-","1.006"
"2023/01/03","23:36","0.77","-","0.98"
"2023/01/03","23:42","0.752","-","0.952"
"2023/01/03","23:48","0.732","-","0.948"
"2023/01/03","23:54","0.711","-","0.92"
"2023/01/04","00:00","0.689","-","0.909"
"2023/01/04","00:06","0.666","-","0.877"
"2023/01/04","00:12","0.642","-","0.848"
"2023/01/04","00:18","0.617","-","0.824"
"2023/01/04","00:24","0.591","-","0.804"
"2023/01/04","00:30","0.565","-","0.776"
"2023/01/04","00:36","0.539","-","0.749"
"2023/01/04","00:42","0.512","-","0.727"
"2023/01/04","00:48","0.485","-","0.678"
"2023/01/04","00:54","0.459","-","0.668"
"2023/01/04","01:00","0.432","-","0.645"
"2023/01/04","01:06","0.405","-","0.612"
"2023/01/04","01:12","0.379","-","0.592"
"2023/01/04","01:18","0.354","-","0.556"
"2023/01/04","01:24","0.329","-","0.519"
"2023/01/04","01:30","0.304","-","0.499"
"2023/01/04","01:36","0.281","-","0.475"
"2023/01/04","01:42","0.258","-","0.45"
"2023/01/04","01:48","0.237","-","0.439"
"2023/01/04","01:54","0.217","-","0.407"
"2023/01/04","02:00","0.197","-","0.387"
"2023/01/04","02:06","0.179","-","0.371"
"2023/01/04","02:12","0.162","-","0.349"
"2023/01/04","02:18","0.147","-","0.338"
"2023/01/04","02:24","0.132","-","0.303"
"2023/01/04","02:30","0.12","-","0.278"
"2023/01/04","02:36","0.108","-","0.284"
"2023/01/04","02:42","0.097","-","0.26"
"2023/01/04","02:48","0.088","-","0.239"
"2023/01/04","02:54","0.08","-","0.243"
"2023/01/04","03:00","0.074","-","0.222"
"2023/01/04","03:06","0.068","-","0.201"
"2023/01/04","03:12","0.064","-","0.211"
"2023/01/04","03:18","0.061","-","0.182"
"2023/01/04","03:24","0.058","-","0.195"
"2023/01/04","03:30","0.057","-","0.19"
"2023/01/04","03:36","0.057","-","0.19"
"2023/01/04","03:42","0.058","-","0.196"
"2023/01/04","03:48","0.059","-","0.204"
"2023/01/04","03:54","0.061","-","0.202"
"2023/01/04","04:00","0.064","-","0.215"
"2023/01/04","04:06","0.068","-","0.22"
"2023/01/04","04:12","0.072","-","0.234"
"2023/01/04","04:18","0.077","-","0.23"
"2023/01/04","04:24","0.083","-","0.223"
"2023/01/04","04:30","0.089","-","0.23"
"2023/01/04","04:36","0.096","-","0.248"
"2023/01/04","04:42","0.103","-","0.263"
"2023/01/04","04:48","0.111","-","0.279"
"2023/01/04","04:54","0.119","-","0.29"
"2023/01/04","05:00","0.128","-","0.308"
"2023/01/04","05:06","0.137","-","0.329"
"2023/01/04","05:12","0.147","-","0.333"
"2023/01/04","05:18","0.157","-","0.358"
"2023/01/04","05:24","0.167","-","0.365"
"2023/01/04","05:30","0.178","-","0.378"
"2023/01/04","05:36","0.189","-","0.394"
"2023/01/04","05:42","0.201","-","0.401"
"2023/01/04","05:48","0.213","-","0.408"
"2023/01/04","05:54","0.225","-","0.422"
"2023/01/04","06:00","0.238","-","0.458"
"2023/01/04","06:06","0.252","-","0.462"
"2023/01/04","06:12","0.266","-","0.479"
"2023/01/04","06:18","0.28","-","0.515"
"2023/01/04","06:24","0.295","-","0.524"
"2023/01/04","06:30","0.31","-","0.555"
"2023/01/04","06:36","0.326","-","0.569"
"2023/01/04","06:42","0.342","-","0.595"
"2023/01/04","06:48","0.358","-","0.616"
"2023/01/04","06:54","0.376","-","0.638"
"2023/01/04","07:00","0.393","-","0.647"
"2023/01/04","07:06","0.411","-","0.658"
"2023/01/04","07:12","0.43","-","0.689"
"2023/01/04","07:18","0.449","-","0.706"
"2023/01/04","07:24","0.469","-","0.728"
"2023/01/04","07:30","0.489","-","0.751"
"2023/01/04","07:36","0.509","-","0.759"
"2023/01/04","07:42","0.53","-","0.784"
"2023/01/04","07:48","0.552","-","0.805"
"2023/01/04","07:54","0.573","-","0.814"
"2023/01/04","08:00","0.595","-","0.828"
"2023/01/04","08:06","0.618","-","0.864"
"2023/01/04","08:12","0.64","-","0.896"
"2023/01/04","08:18","0.663","-","0.912"
"2023/01/04","08:24","0.686","-","0.933"
"2023/01/04","08:30","0.709","-","0.948"
"2023/01/04","08:36","0.732","-","0.961"
"2023/01/04","08:42","0.755","-","0.966"
"2023/01/04","08:48","0.778","-","0.991"
"2023/01/04","08:54","0.801","-","1.018"
"2023/01/04","09:00","0.823","-","1.033"
"2023/01/04","09:06","0.845","-","1.056"
"2023/01/04","09:12","0.867","-","1.082"
"2023/01/04","09:18","0.888","-","1.113"
"2023/01/04","09:24","0.908","-","1.126"
"2023/01/04","09:30","0.928","-","1.136"
"2023/01/04","09:36","0.947","-","1.153"
"2023/01/04","09:42","0.965","-","1.161"
"2023/01/04","09:48","0.982","-","1.188"
"2023/01/04","09:54","0.998","-","1.197"
"2023/01/04","10:00","1.012","-","1.197"
"2023/01/04","10:06","1.026","-","1.202"
"2023/01/04","10:12","1.038","-","1.215"
"2023/01/04","10:18","1.049","-","1.21"
"2023/01/04","10:24","1.059","-","1.223"
"2023/01/04","10:30","1.067","-","1.224"
"2023/01/04","10:36","1.074","-","1.226"
"2023/01/04","10:42","1.079","-","1.228"
"2023/01/04","10:48","1.083","-","1.234"
"2023/01/04","10:54","1.085","-","1.23"
"2023/01/04","11:00","1.085","-","1.233"
"2023/01/04","11:06","1.084","-","1.235"
"2023/01/04","11:12","1.081","-","1.25"
"2023/01/04","11:18","1.076","-","1.252"
"2023/01/04","11:24","1.07","-","1.212"
"2023/01/04","11:30","1.062","-","1.203"
"2023/01/04","11:36","1.052","-","1.188"
"2023/01/04","11:42","1.041","-","1.173"
"2023/01/04","11:48","1.027","-","1.155"
"2023/01/04","11:54","1.013","-","1.15"
"2023/01/04","12:00","0.996","-","1.136"
"2023/01/04","12:06","0.979","-","1.115"
"2023/01/04","12:12","0.959","-","1.116"
"2023/01/04","12:18","0.939","-","1.097"
"2023/01/04","12:24","0.917","-","1.07"
"2023/01/04","12:30","0.894","-","1.059"
"2023/01/04","12:36","0.87","-","1.048"
"2023/01/04","12:42","0.844","-","1.031"
"2023/01/04","12:48","0.818","-","0.998"
"2023/01/04","12:54","0.791","-","0.965"
"2023/01/04","13:00","0.764","-","0.935"
"2023/01/04","13:06","0.735","-","0.911"
"2023/01/04","13:12","0.707","-","0.884"
"2023/01/04","13:18","0.678","-","0.866"
"2023/01/04","13:24","0.649","-","0.848"
"2023/01/04","13:30","0.62","-","0.798"
"2023/01/04","13:36","0.59","-","0.782"
"2023/01/04","13:42","0.562","-","0.739"
"2023/01/04","13:48","0.533","-","0.709"
"2023/01/04","13:54","0.505","-","0.693"
"2023/01/04","14:00","0.477","-","0.655"
"2023/01/04","14:06","0.45","-","0.628"
"2023/01/04","14:12","0.424","-","0.617"
"2023/01/04","14:18","0.398","-","0.586"
"2023/01/04","14:24","0.374","-","0.559"
"2023/01/04","14:30","0.35","-","0.524"
"2023/01/04","14:36","0.327","-","0.49"
"2023/01/04","14:42","0.305","-","0.461"
"2023/01/04","14:48","0.285","-","0.45"
"2023/01/04","14:54","0.265","-","0.423"
"2023/01/04","15:00","0.247","-","0.404"
"2023/01/04","15:06","0.229","-","0.385"
"2023/01/04","15:12","0.213","-","0.355"
"2023/01/04","15:18","0.197","-","0.344"
"2023/01/04","15:24","0.183","-","0.336"
"2023/01/04","15:30","0.17","-","0.309"
"2023/01/04","15:36","0.158","-","0.3"
"2023/01/04","15:42","0.146","-","0.279"
"2023/01/04","15:48","0.136","-","0.262"
"2023/01/04","15:54","0.127","-","0.242"
"2023/01/04","16:00","0.118","-","0.219"
"2023/01/04","16:06","0.111","-","0.229"
"2023/01/04","16:12","0.104","-","0.21"
"2023/01/04","16:18","0.098","-","0.207"
"2023/01/04","16:24","0.092","-","0.193"
"2023/01/04","16:30","0.088","-","0.195"
"2023/01/04","16:36","0.084","-","0.196"
"2023/01/04","16:42","0.08","-","0.179"
"2023/01/04","16:48","0.078","-","0.179"
"2023/01/04","16:54","0.076","-","0.186"
"2023/01/04","17:00","0.075","-","0.188"
"2023/01/04","17:06","0.074","-","0.169"
"2023/01/04","17:12","0.074","-","0.174"
"2023/01/04","17:18","0.074","-","0.164"
"2023/01/04","17:24","0.075","-","0.177"
"2023/01/04","17:30","0.077","-","0.179"
"2023/01/04","17:36","0.079","-","0.19"
"2023/01/04","17:42","0.082","-","0.192"
"2023/01/04","17:48","0.085","-","0.199"
"2023/01/04","17:54","0.089","-","0.206"
"2023/01/04","18:00","0.094","-","0.205"
"2023/01/04","18:06","0.1","-","0.213"
"2023/01/04","18:12","0.106","-","0.223"
"2023/01/04","18:18","0.112","-","0.221"
"2023/01/04","18:24","0.12","-","0.233"
"2023/01/04","18:30","0.128","-","0.251"
"2023/01/04","18:36","0.137","-","0.264"
"2023/01/04","18:42","0.146","-","0.27"
"2023/01/04","18:48","0.156","-","0.287"
"2023/01/04","18:54","0.167","-","0.303"
"2023/01/04","19:00","0.179","-","0.305"
"2023/01/04","19:06","0.192","-","0.322"
"2023/01/04","19:12","0.205","-","0.325"
"2023/01/04","19:18","0.219","-","0.348"
"2023/01/04","19:24","0.234","-","0.357"
"2023/01/04","19:30","0.25","-","0.383"
"2023/01/04","19:36","0.266","-","0.389"
"2023/01/04","19:42","0.283","-","0.415"
"2023/01/04","19:48","0.301","-","0.439"
"2023/01/04","19:54","0.32","-","0.455"
"2023/01/04","20:00","0.339","-","0.495"
"2023/01/04","20:06","0.359","-","0.522"
"2023/01/04","20:12","0.38","-","0.526"
"2023/01/04","20:18","0.401","-","0.553"
"2023/01/04","20:24","0.423","-","0.576"
"2023/01/04","20:30","0.445","-","0.598"
"2023/01/04","20:36","0.467","-","0.608"
"2023/01/04","20:42","0.49","-","0.636"
"2023/01/04","20:48","0.513","-","0.665"
"2023/01/04","20:54","0.537","-","0.699"
"2023/01/04","21:00","0.56","-","0.743"
"2023/01/04","21:06","0.583","-","0.764"
"2023/01/04","21:12","0.606","-","0.799"
"2023/01/04","21:18","0.629","-","0.817"
"2023/01/04","21:24","0.652","-","0.826"
"2023/01/04","21:30","0.674","-","0.861"
"2023/01/04","21:36","0.696","-","0.877"
"2023/01/04","21:42","0.717","-","0.897"
"2023/01/04","21:48","0.737","-","0.929"
"2023/01/04","21:54","0.757","-","0.937"
"2023/01/04","22:00","0.776","-","0.972"
"2023/01/04","22:06","0.793","-","0.993"
"2023/01/04","22:12","0.81","-","1.008"
"2023/01/04","22:18","0.825","-","1.012"
"2023/01/04","22:24","0.84","-","1.026"
"2023/01/04","22:30","0.852","-","1.034"
"2023/01/04","22:36","0.864","-","1.058"
"2023/01/04","22:42","0.874","-","1.072"
"2023/01/04","22:48","0.882","-","1.07"
"2023/01/04","22:54","0.889","-","1.068"
"2023/01/04","23:00","0.894","-","1.078"
"2023/01/04","23:06","0.898","-","1.074"
"2023/01/04","23:12","0.9","-","1.077"
"2023/01/04","23:18","0.9","-","1.079"
"2023/01/04","23:24","0.898","-","1.075"
"2023/01/04","23:30","0.895","-","1.073"
"2023/01/04","23:36","0.89","-","1.059"
"2023/01/04","23:42","0.883","-","1.06"
"2023/01/04","23:48","0.874","-","1.028"
"2023/01/04","23:54","0.864","-","1.019"
"2023/01/05","00:00","0.851","-","1.019"
"2023/01/05","00:06","0.838","-","0.973"
"2023/01/05","00:12","0.822","-","0.966"
"2023/01/05","00:18","0.805","-","0.967"
"2023/01/05","00:24","0.787","-","0.936"
"2023/01/05","00:30","0.767","-","0.883"
"2023/01/05","00:36","0.745","-","0.887"
"2023/01/05","00:42","0.723","-","0.876"
"2023/01/05","00:48","0.699","-","0.822"
"2023/01/05","00:54","0.674","-","0.803"
"2023/01/05","01:00","0.649","-","0.795"
"2023/01/05","01:06","0.622","-","0.757"
"2023/01/05","01:12","0.595","-","0.724"
"2023/01/05","01:18","0.567","-","0.708"
"2023/01/05","01:24","0.538","-","0.68"
"2023/01/05","01:30","0.51","-","0.657"
"2023/01/05","01:36","0.481","-","0.644"
"2023/01/05","01:42","0.452","-","0.593"
"2023/01/05","01:48","0.424","-","0.566"
"2023/01/05","01:54","0.395","-","0.559"
"2023/01/05","02:00","0.367","-","0.532"
"2023/01/05","02:06","0.34","-","0.482"
"2023/01/05","02:12","0.313","-","0.509"
"2023/01/05","02:18","0.287","-","0.474"
"2023/01/05","02:24","0.262","-","0.439"
"2023/01/05","02:30","0.238","-","0.439"
"2023/01/05","02:36","0.215","-","0.447"
"2023/01/05","02:42","0.193","-","0.426"
"2023/01/05","02:48","0.173","-","0.441"
"2023/01/05","02:54","0.153","-","0.454"
"2023/01/05","03:00","0.136","-","0.42"
"2023/01/05","03:06","0.119","-","0.398"
"2023/01/05","03:12","0.104","-","0.34"
"2023/01/05","03:18","0.091","-","0.351"
"2023/01/05","03:24","0.079","-","0.336"
"2023/01/05","03:30","0.068","-","0.298"
"2023/01/05","03:36","0.059","-","0.335"
"2023/01/05","03:42","0.051","-","0.351"
"2023/01/05","03:48","0.045","-","0.336"
"2023/01/05","03:54","0.04","-","0.318"
"2023/01/05","04:00","0.036","-","0.343"
"2023/01/05","04:06","0.034","-","0.325"
"2023/01/05","04:12","0.032","-","0.333"
"2023/01/05","04:18","0.032","-","0.341"
"2023/01/05","04:24","0.033","-","0.341"
"2023/01/05","04:30","0.035","-","0.341"
"2023/01/05","04:36","0.038","-","0.299"
"2023/01/05","04:42","0.041","-","0.316"
"2023/01/05","04:48","0.046","-","0.314"
"2023/01/05","04:54","0.051","-","0.344"
"2023/01/05","05:00","0.057","-","0.34"
"2023/01/05","05:06","0.063","-","0.354"
"2023/01/05","05:12","0.07","-","0.386"
"2023/01/05","05:18","0.078","-","0.381"
"2023/01/05","05:24","0.086","-","0.385"
"2023/01/05","05:30","0.095","-","0.399"
"2023/01/05","05:36","0.104","-","0.395"
"2023/01/05","05:42","0.114","-","0.424"
"2023/01/05","05:48","0.124","-","0.455"
"2023/01/05","05:54","0.134","-","0.455"
"2023/01/05","06:00","0.145","-","0.463"
"2023/01/05","06:06","0.156","-","0.513"
"2023/01/05","06:12","0.167","-","0.494"
"2023/01/05","06:18","0.179","-","0.496"
"2023/01/05","06:24","0.191","-","0.505"
"2023/01/05","06:30","0.204","-","0.497"
"2023/01/05","06:36","0.216","-","0.51"
"2023/01/05","06:42","0.23","-","0.503"
"2023/01/05","06:48","0.243","-","0.496"
"2023/01/05","06:54","0.257","-","0.553"
"2023/01/05","07:00","0.271","-","0.578"
"2023/01/05","07:06","0.286","-","0.58"
"2023/01/05","07:12","0.301","-","0.598"
"2023/01/05","07:18","0.317","-","0.626"
"2023/01/05","07:24","0.333","-","0.641"
"2023/01/05","07:30","0.35","-","0.657"
"2023/01/05","07:36","0.367","-","0.671"
"2023/01/05","07:42","0.384","-","0.673"
"2023/01/05","07:48","0.402","-","0.699"
"2023/01/05","07:54","0.42","-","0.719"
"2023/01/05","08:00","0.439","-","0.719"
"2023/01/05","08:06","0.459","-","0.752"
"2023/01/05","08:12","0.479","-","0.745"
"2023/01/05","08:18","0.499","-","0.768"
"2023/01/05","08:24","0.52","-","0.797"
"2023/01/05","08:30","0.542","-","0.808"
"2023/01/05","08:36","0.563","-","0.826"
"2023/01/05","08:42","0.586","-","0.836"
"2023/01/05","08:48","0.608","-","0.865"
"2023/01/05","08:54","0.631","-","0.885"
"2023/01/05","09:00","0.654","-","0.91"
"2023/01/05","09:06","0.677","-","0.924"
"2023/01/05","09:12","0.7","-","0.942"
"2023/01/05","09:18","0.724","-","0.968"
"2023/01/05","09:24","0.747","-","0.973"
"2023/01/05","09:30","0.77","-","0.988"
"2023/01/05","09:36","0.793","-","1.023"
"2023/01/05","09:42","0.816","-","1.039"
"2023/01/05","09:48","0.839","-","1.054"
"2023/01/05","09:54","0.861","-","1.091"
"2023/01/05","10:00","0.882","-","1.098"
"2023/01/05","10:06","0.903","-","1.123"
"2023/01/05","10:12","0.923","-","1.142"
"2023/01/05","10:18","0.942","-","1.165"
"2023/01/05","10:24","0.961","-","1.182"
"2023/01/05","10:30","0.978","-","1.197"
"2023/01/05","10:36","0.995","-","1.202"
"2023/01/05","10:42","1.01","-","1.216"
"2023/01/05","10:48","1.024","-","1.225"
"2023/01/05","10:54","1.037","-","1.216"
"2023/01/05","11:00","1.049","-","1.226"
"2023/01/05","11:06","1.059","-","1.243"
"2023/01/05","11:12","1.067","-","1.259"
"2023/01/05","11:18","1.074","-","1.263"
"2023/01/05","11:24","1.08","-","1.273"
"2023/01/05","11:30","1.084","-","1.282"
"2023/01/05","11:36","1.086","-","1.28"
"2023/01/05","11:42","1.087","-","1.276"
"2023/01/05","11:48","1.086","-","1.284"
"2023/01/05","11:54","1.084","-","1.285"
"2023/01/05","12:00","1.079","-","1.291"
"2023/01/05","12:06","1.073","-","1.297"
"2023/01/05","12:12","1.065","-","1.277"
"2023/01/05","12:18","1.055","-","1.27"
"2023/01/05","12:24","1.044","-","1.262"
"2023/01/05","12:30","1.031","-","1.241"
"2023/01/05","12:36","1.017","-","1.212"
"2023/01/05","12:42","1","-","1.228"
"2023/01/05","12:48","0.982","-","1.206"
"2023/01/05","12:54","0.963","-","1.216"
"2023/01/05","13:00","0.942","-","1.212"
"2023/01/05","13:06","0.92","-","1.16"
"2023/01/05","13:12","0.897","-","1.138"
"2023/01/05","13:18","0.872","-","1.115"
"2023/01/05","13:24","0.846","-","1.087"
"2023/01/05","13:30","0.819","-","1.087"
"2023/01/05","13:36","0.792","-","1.085"
"2023/01/05","13:42","0.763","-","1.055"
"2023/01/05","13:48","0.734","-","1.006"
"2023/01/05","13:54","0.705","-","0.96"
"2023/01/05","14:00","0.674","-","0.928"
"2023/01/05","14:06","0.644","-","0.911"
"2023/01/05","14:12","0.614","-","0.877"
"2023/01/05","14:18","0.583","-","0.855"
"2023/01/05","14:24","0.553","-","0.835"
"2023/01/05","14:30","0.523","-","0.816"
"2023/01/05","14:36","0.493","-","0.771"
"2023/01/05","14:42","0.464","-","0.741"
"2023/01/05","14:48","0.435","-","0.703"
"2023/01/05","14:54","0.408","-","0.662"
"2023/01/05","15:00","0.381","-","0.662"
"2023/01/05","15:06","0.354","-","0.623"
"2023/01/05","15:12","0.329","-","0.601"
"2023/01/05","15:18","0.305","-","0.57"
"2023/01/05","15:24","0.282","-","0.536"
"2023/01/05","15:30","0.26","-","0.524"
"2023/01/05","15:36","0.24","-","0.466"
"2023/01/05","15:42","0.22","-","0.447"
"2023/01/05","15:48","0.202","-","0.426"
"2023/01/05","15:54","0.185","-","0.399"
"2023/01/05","16:00","0.169","-","0.387"
"2023/01/05","16:06","0.154","-","0.361"
"2023/01/05","16:12","0.141","-","0.355"
"2023/01/05","16:18","0.128","-","0.337"
"2023/01/05","16:24","0.117","-","0.338"
"2023/01/05","16:30","0.107","-","0.32"
"2023/01/05","16:36","0.098","-","0.321"
"2023/01/05","16:42","0.09","-","0.306"
"2023/01/05","16:48","0.083","-","0.292"
"2023/01/05","16:54","0.076","-","0.298"
"2023/01/05","17:00","0.071","-","0.288"
"2023/01/05","17:06","0.066","-","0.288"
"2023/01/05","17:12","0.063","-","0.283"
"2023/01/05","17:18","0.059","-","0.288"
"2023/01/05","17:24","0.057","-","0.267"
"2023/01/05","17:30","0.055","-","0.275"
"2023/01/05","17:36","0.054","-","0.281"
"2023/01/05","17:42","0.054","-","0.294"
"2023/01/05","17:48","0.054","-","0.28"
"2023/01/05","17:54","0.055","-","0.272"
"2023/01/05","18:00","0.056","-","0.258"
"2023/01/05","18:06","0.058","-","0.285"
"2023/01/05","18:12","0.06","-","0.281"
"2023/01/05","18:18","0.063","-","0.295"
"2023/01/05","18:24","0.067","-","0.298"
"2023/01/05","18:30","0.071","-","0.329"
"2023/01/05","18:36","0.076","-","0.337"
"2023/01/05","18:42","0.081","-","0.331"
"2023/01/05","18:48","0.087","-","0.319"
"2023/01/05","18:54","0.094","-","0.361"
"2023/01/05","19:00","0.101","-","0.367"
"2023/01/05","19:06","0.109","-","0.368"
"2023/01/05","19:12","0.118","-","0.391"
"2023/01/05","19:18","0.127","-","0.39"
"2023/01/05","19:24","0.137","-","0.396"
"2023/01/05","19:30","0.148","-","0.429"
"2023/01/05","19:36","0.16","-","0.431"
"2023/01/05","19:42","0.172","-","0.441"
"2023/01/05","19:48","0.185","-","0.46"
"2023/01/05","19:54","0.199","-","0.47"
"2023/01/05","20:00","0.214","-","0.487"
"2023/01/05","20:06","0.23","-","0.506"
"2023/01/05","20:12","0.246","-","0.5"
"2023/01/05","20:18","0.263","-","0.506"
"2023/01/05","20:24","0.281","-","0.528"
"2023/01/05","20:30","0.3","-","0.553"
"2023/01/05","20:36","0.32","-","0.597"
"2023/01/05","20:42","0.34","-","0.621"
"2023/01/05","20:48","0.361","-","0.631"
"2023/01/05","20:54","0.382","-","0.663"
"2023/01/05","21:00","0.404","-","0.682"
"2023/01/05","21:06","0.427","-","0.687"
"2023/01/05","21:12","0.45","-","0.712"
"2023/01/05","21:18","0.474","-","0.725"
"2023/01/05","21:24","0.497","-","0.75"
"2023/01/05","21:30","0.521","-","0.796"
"2023/01/05","21:36","0.545","-","0.838"
"2023/01/05","21:42","0.57","-","0.855"
"2023/01/05","21:48","0.594","-","0.881"
"2023/01/05","21:54","0.618","-","0.89"
"2023/01/05","22:00","0.642","-","0.895"
"2023/01/05","22:06","0.665","-","0.942"
"2023/01/05","22:12","0.688","-","0.967"
"2023/01/05","22:18","0.711","-","0.988"
"2023/01/05","22:24","0.733","-","0.999"
"2023/01/05","22:30","0.754","-","1"
"2023/01/05","22:36","0.774","-","1.038"
"2023/01/05","22:42","0.793","-","1.07"
"2023/01/05","22:48","0.812","-","1.103"
"2023/01/05","22:54","0.829","-","1.112"
"2023/01/05","23:00","0.845","-","1.121"
"2023/01/05","23:06","0.859","-","1.132"
"2023/01/05","23:12","0.873","-","1.131"
"2023/01/05","23:18","0.884","-","1.147"
"2023/01/05","23:24","0.895","-","1.145"
"2023/01/05","23:30","0.904","-","1.139"
"2023/01/05","23:36","0.911","-","1.161"
"2023/01/05","23:42","0.916","-","1.173"
"2023/01/05","23:48","0.92","-","1.171"
"2023/01/05","23:54","0.922","-","1.159"
"2023/01/06","00:00","0.922","-","1.145"
"2023/01/06","00:06","0.921","-","1.158"
"2023/01/06","00:12","0.918","-","1.156"
"2023/01/06","00:18","0.912","-","1.154"
"2023/01/06","00:24","0.906","-","1.125"
"2023/01/06","00:30","0.897","-","1.105"
"2023/01/06","00:36","0.886","-","1.113"
"2023/01/06","00:42","0.874","-","1.114"
"2023/01/06","00:48","0.86","-","1.125"
"2023/01/06","00:54","0.844","-","1.105"
"2023/01/06","01:00","0.827","-","1.042"
"2023/01/06","01:06","0.808","-","1.028"
"2023/01/06","01:12","0.788","-","1.037"
"2023/01/06","01:18","0.766","-","1.02"
"2023/01/06","01:24","0.743","-","1.003"
"2023/01/06","01:30","0.719","-","0.959"
"2023/01/06","01:36","0.693","-","0.949"
"2023/01/06","01:42","0.666","-","0.942"
"2023/01/06","01:48","0.639","-","0.936"
"2023/01/06","01:54","0.611","-","0.909"
"2023/01/06","02:00","0.582","-","0.869"
"2023/01/06","02:06","0.552","-","0.853"
"2023/01/06","02:12","0.522","-","0.844"
"2023/01/06","02:18","0.492","-","0.843"
"2023/01/06","02:24","0.462","-","0.81"
"2023/01/06","02:30","0.431","-","0.745"
"2023/01/06","02:36","0.401","-","0.712"
"2023/01/06","02:42","0.372","-","0.725"
"2023/01/06","02:48","0.342","-","0.696"
"2023/01/06","02:54","0.314","-","0.656"
"2023/01/06","03:00","0.286","-","0.631"
"2023/01/06","03:06","0.259","-","0.61"
"2023/01/06","03:12","0.233","-","0.604"
"2023/01/06","03:18","0.208","-","0.567"
"2023/01/06","03:24","0.185","-","0.533"
"2023/01/06","03:30","0.162","-","0.522"
"2023/01/06","03:36","0.142","-","0.508"
"2023/01/06","03:42","0.122","-","0.493"
"2023/01/06","03:48","0.104","-","0.478"
"2023/01/06","03:54","0.088","-","0.472"
"2023/01/06","04:00","0.073","-","0.454"
"2023/01/06","04:06","0.059","-","0.405"
"2023/01/06","04:12","0.048","-","0.383"
"2023/01/06","04:18","0.038","-","0.385"
"2023/01/06","04:24","0.029","-","0.408"
"2023/01/06","04:30","0.022","-","0.384"
"2023/01/06","04:36","0.016","-","0.357"
"2023/01/06","04:42","0.012","-","0.373"
"2023/01/06","04:48","0.009","-","0.362"
"2023/01/06","04:54","0.007","-","0.366"
"2023/01/06","05:00","0.007","-","0.347"
"2023/01/06","05:06","0.008","-","0.336"
"2023/01/06","05:12","0.01","-","0.334"
"2023/01/06","05:18","0.012","-","0.345"
"2023/01/06","05:24","0.016","-","0.355"
"2023/01/06","05:30","0.021","-","0.348"
"2023/01/06","05:36","0.027","-","0.344"
"2023/01/06","05:42","0.033","-","0.343"
"2023/01/06","05:48","0.04","-","0.373"
"2023/01/06","05:54","0.048","-","0.387"
"2023/01/06","06:00","0.056","-","0.387"
"2023/01/06","06:06","0.065","-","0.389"
"2023/01/06","06:12","0.074","-","0.385"
"2023/01/06","06:18","0.084","-","0.39"
"2023/01/06","06:24","0.094","-","0.403"
"2023/01/06","06:30","0.105","-","0.44"
"2023/01/06","06:36","0.116","-","0.447"
"2023/01/06","06:42","0.127","-","0.431"
"2023/01/06","06:48","0.139","-","0.447"
"2023/01/06","06:54","0.151","-","0.467"
"2023/01/06","07:00","0.164","-","0.482"
"2023/01/06","07:06","0.177","-","0.502"
"2023/01/06","07:12","0.19","-","0.511"
"2023/01/06","07:18","0.204","-","0.509"
"2023/01/06","07:24","0.218","-","0.531"
"2023/01/06","07:30","0.232","-","0.526"
"2023/01/06","07:36","0.247","-","0.551"
"2023/01/06","07:42","0.262","-","0.564"
"2023/01/06","07:48","0.278","-","0.58"
"2023/01/06","07:54","0.294","-","0.61"
"2023/01/06","08:00","0.31","-","0.648"
"2023/01/06","08:06","0.327","-","0.661"
"2023/01/06","08:12","0.345","-","0.671"
"2023/01/06","08:18","0.363","-","0.696"
"2023/01/06","08:24","0.381","-","0.698"
"2023/01/06","08:30","0.4","-","0.722"
"2023/01/06","08:36","0.42","-","0.769"
"2023/01/06","08:42","0.439","-","0.773"
"2023/01/06","08:48","0.46","-","0.791"
"2023/01/06","08:54","0.481","-","0.817"
"2023/01/06","09:00","0.502","-","0.845"
"2023/01/06","09:06","0.523","-","0.872"
"2023/01/06","09:12","0.545","-","0.878"
"2023/01/06","09:18","0.568","-","0.908"
"2023/01/06","09:24","0.59","-","0.94"
"2023/01/06","09:30","0.613","-","0.96"
"2023/01/06","09:36","0.636","-","0.989"
"2023/01/06","09:42","0.66","-","1.03"
"2023/01/06","09:48","0.683","-","1.035"
"2023/01/06","09:54","0.707","-","1.052"
"2023/01/06","10:00","0.73","-","1.099"
"2023/01/06","10:06","0.753","-","1.126"
"2023/01/06","10:12","0.777","-","1.12"
"2023/01/06","10:18","0.799","-","1.146"
"2023/01/06","10:24","0.822","-","1.189"
"2023/01/06","10:30","0.844","-","1.201"
"2023/01/06","10:36","0.866","-","1.227"
"2023/01/06","10:42","0.887","-","1.257"
"2023/01/06","10:48","0.907","-","1.276"
"2023/01/06","10:54","0.927","-","1.295"
"2023/01/06","11:00","0.946","-","1.313"
"2023/01/06","11:06","0.963","-","1.327"
"2023/01/06","11:12","0.98","-","1.359"
"2023/01/06","11:18","0.996","-","1.397"
"2023/01/06","11:24","1.011","-","1.385"
"2023/01/06","11:30","1.024","-","1.395"
"2023/01/06","11:36","1.036","-","1.42"
"2023/01/06","11:42","1.047","-","1.417"
"2023/01/06","11:48","1.056","-","1.412"
"2023/01/06","11:54","1.064","-","1.424"
"2023/01/06","12:00","1.071","-","1.437"
"2023/01/06","12:06","1.076","-","1.442"
"2023/01/06","12:12","1.079","-","1.456"
"2023/01/06","12:18","1.081","-","1.444"
"2023/01/06","12:24","1.081","-","1.459"
"2023/01/06","12:30","1.079","-","1.449"
"2023/01/06","12:36","1.076","-","1.426"
"2023/01/06","12:42","1.071","-","1.405"
"2023/01/06","12:48","1.065","-","1.408"
"2023/01/06","12:54","1.056","-","1.409"
"2023/01/06","13:00","1.046","-","1.395"
"2023/01/06","13:06","1.034","-","1.381"
"2023/01/06","13:12","1.021","-","1.353"
"2023/01/06","13:18","1.006","-","1.34"
"2023/01/06","13:24","0.989","-","1.308"
"2023/01/06","13:30","0.971","-","1.283"
"2023/01/06","13:36","0.952","-","1.271"
"2023/01/06","13:42","0.931","-","1.255"
"2023/01/06","13:48","0.908","-","1.24"
"2023/01/06","13:54","0.884","-","1.229"
"2023/01/06","14:00","0.859","-","1.198"
"2023/01/06","14:06","0.833","-","1.169"
"2023/01/06","14:12","0.806","-","1.166"
"2023/01/06","14:18","0.778","-","1.123"
"2023/01/06","14:24","0.749","-","1.079"
"2023/01/06","14:30","0.72","-","1.063"
"2023/01/06","14:36","0.69","-","1.046"
"2023/01/06","14:42","0.659","-","1.014"
"2023/01/06","14:48","0.628","-","0.975"
"2023/01/06","14:54","0.597","-","0.936"
"2023/01/06","15:00","0.566","-","0.917"
"2023/01/06","15:06","0.535","-","0.887"
"2023/01/06","15:12","0.505","-","0.846"
"2023/01/06","15:18","0.474","-","0.812"
"2023/01/06","15:24","0.445","-","0.787"
"2023/01/06","15:30","0.415","-","0.775"
"2023/01/06","15:36","0.387","-","0.749"
"2023/01/06","15:42","0.359","-","0.713"
"2023/01/06","15:48","0.333","-","0.671"
"2023/01/06","15:54","0.307","-","0.643"
"2023/01/06","16:00","0.282","-","0.628"
"2023/01/06","16:06","0.259","-","0.595"
"2023/01/06","16:12","0.236","-","0.581"
"2023/01/06","16:18","0.215","-","0.608"
"2023/01/06","16:24","0.196","-","0.556"
"2023/01/06","16:30","0.177","-","0.54"
"2023/01/06","16:36","0.16","-","0.534"
"2023/01/06","16:42","0.144","-","0.5"
"2023/01/06","16:48","0.129","-","0.476"
"2023/01/06","16:54","0.115","-","0.472"
"2023/01/06","17:00","0.103","-","0.464"
"2023/01/06","17:06","0.092","-","0.443"
"2023/01/06","17:12","0.082","-","0.461"
"2023/01/06","17:18","0.073","-","0.446"
"2023/01/06","17:24","0.065","-","0.448"
"2023/01/06","17:30","0.058","-","0.441"
"2023/01/06","17:36","0.053","-","0.416"
"2023/01/06","17:42","0.048","-","0.412"
"2023/01/06","17:48","0.043","-","0.403"
"2023/01/06","17:54","0.04","-","0.437"
"2023/01/06","18:00","0.038","-","0.472"
"2023/01/06","18:06","0.036","-","0.475"
"2023/01/06","18:12","0.035","-","0.463"
"2023/01/06","18:18","0.034","-","0.458"
"2023/01/06","18:24","0.034","-","0.449"
"2023/01/06","18:30","0.035","-","0.428"
"2023/01/06","18:36","0.037","-","0.41"
"2023/01/06","18:42","0.039","-","0.416"
"2023/01/06","18:48","0.041","-","0.436"
"2023/01/06","18:54","0.045","-","0.441"
"2023/01/06","19:00","0.049","-","0.447"
"2023/01/06","19:06","0.053","-","0.445"
"2023/01/06","19:12","0.058","-","0.43"
"2023/01/06","19:18","0.064","-","0.425"
"2023/01/06","19:24","0.07","-","0.43"
"2023/01/06","19:30","0.077","-","0.442"
"2023/01/06","19:36","0.085","-","0.463"
"2023/01/06","19:42","0.094","-","0.475"
"2023/01/06","19:48","0.103","-","0.483"
"2023/01/06","19:54","0.113","-","0.485"
"2023/01/06","20:00","0.123","-","0.485"
"2023/01/06","20:06","0.135","-","0.483"
"2023/01/06","20:12","0.147","-","0.488"
"2023/01/06","20:18","0.16","-","0.492"
"2023/01/06","20:24","0.174","-","0.527"
"2023/01/06","20:30","0.188","-","0.538"
"2023/01/06","20:36","0.204","-","0.543"
"2023/01/06","20:42","0.22","-","0.547"
"2023/01/06","20:48","0.237","-","0.554"
"2023/01/06","20:54","0.255","-","0.555"
"2023/01/06","21:00","0.273","-","0.577"
"2023/01/06","21:06","0.292","-","0.607"
"2023/01/06","21:12","0.312","-","0.625"
"2023/01/06","21:18","0.333","-","0.653"
"2023/01/06","21:24","0.354","-","0.673"
"2023/01/06","21:30","0.376","-","0.686"
"2023/01/06","21:36","0.398","-","0.713"
"2023/01/06","21:42","0.421","-","0.727"
"2023/01/06","21:48","0.445","-","0.742"
"2023/01/06","21:54","0.468","-","0.772"
"2023/01/06","22:00","0.492","-","0.785"
"2023/01/06","22:06","0.517","-","0.818"
"2023/01/06","22:12","0.541","-","0.843"
"2023/01/06","22:18","0.565","-","0.882"
"2023/01/06","22:24","0.59","-","0.9"
"2023/01/06","22:30","0.614","-","0.93"
"2023/01/06","22:36","0.638","-","0.97"
"2023/01/06","22:42","0.662","-","0.985"
"2023/01/06","22:48","0.685","-","1.008"
"2023/01/06","22:54","0.708","-","1.022"
"2023/01/06","23:00","0.73","-","1.036"
"2023/01/06","23:06","0.752","-","1.07"
"2023/01/06","23:12","0.773","-","1.088"
"2023/01/06","23:18","0.793","-","1.104"
"2023/01/06","23:24","0.811","-","1.126"
"2023/01/06","23:30","0.829","-","1.148"
"2023/01/06","23:36","0.846","-","1.146"
"2023/01/06","23:42","0.861","-","1.148"
"2023/01/06","23:48","0.875","-","1.184"
"2023/01/06","23:54","0.888","-","1.192"
"2023/01/07","00:00","0.899","-","1.195"
"2023/01/07","00:06","0.909","-","1.216"
"2023/01/07","00:12","0.917","-","1.222"
"2023/01/07","00:18","0.924","-","1.223"
"2023/01/07","00:24","0.929","-","1.233"
"2023/01/07","00:30","0.932","-","1.225"
"2023/01/07","00:36","0.933","-","1.221"
"2023/01/07","00:42","0.933","-","1.232"
"2023/01/07","00:48","0.931","-","1.224"
"2023/01/07","00:54","0.927","-","1.208"
"2023/01/07","01:00","0.922","-","1.202"
"2023/01/07","01:06","0.914","-","1.187"
"2023/01/07","01:12","0.905","-","1.174"
"2023/01/07","01:18","0.894","-","1.159"
"2023/01/07","01:24","0.881","-","1.133"
"2023/01/07","01:30","0.867","-","1.118"
"2023/01/07","01:36","0.851","-","1.118"
"2023/01/07","01:42","0.833","-","1.105"
"2023/01/07","01:48","0.814","-","1.094"
"2023/01/07","01:54","0.793","-","1.062"
"2023/01/07","02:00","0.771","-","1.035"
"2023/01/07","02:06","0.748","-","1.016"
"2023/01/07","02:12","0.723","-","0.978"
"2023/01/07","02:18","0.697","-","0.958"
"2023/01/07","02:24","0.67","-","0.938"
"2023/01/07","02:30","0.642","-","0.918"
"2023/01/07","02:36","0.613","-","0.894"
"2023/01/07","02:42","0.584","-","0.868"
"2023/01/07","02:48","0.554","-","0.837"
"2023/01/07","02:54","0.524","-","0.808"
"2023/01/07","03:00","0.493","-","0.767"
"2023/01/07","03:06","0.462","-","0.735"
"2023/01/07","03:12","0.431","-","0.719"
"2023/01/07","03:18","0.4","-","0.694"
"2023/01/07","03:24","0.37","-","0.663"
"2023/01/07","03:30","0.34","-","0.636"
"2023/01/07","03:36","0.311","-","0.608"
"2023/01/07","03:42","0.282","-","0.578"
"2023/01/07","03:48","0.254","-","0.561"
"2023/01/07","03:54","0.228","-","0.547"
"2023/01/07","04:00","0.202","-","0.517"
"2023/01/07","04:06","0.177","-","0.496"
"2023/01/07","04:12","0.154","-","0.483"
"2023/01/07","04:18","0.132","-","0.457"
"2023/01/07","04:24","0.112","-","0.434"
"2023/01/07","04:30","0.093","-","0.419"
"2023/01/07","04:36","0.076","-","0.404"
"2023/01/07","04:42","0.06","-","0.379"
"2023/01/07","04:48","0.046","-","0.368"
"2023/01/07","04:54","0.033","-","0.352"
"2023/01/07","05:00","0.022","-","0.335"
"2023/01/07","05:06","0.013","-","0.319"
"2023/01/07","05:12","0.005","-","0.305"
"2023/01/07","05:18","-0.002","-","0.298"
"2023/01/07","05:24","-0.007","-","0.298"
"2023/01/07","05:30","-0.01","-","0.296"
"2023/01/07","05:36","-0.012","-","0.288"
"2023/01/07","05:42","-0.013","-","0.28"
"2023/01/07","05:48","-0.013","-","0.277"
"2023/01/07","05:54","-0.011","-","0.278"
"2023/01/07","06:00","-0.009","-","0.281"
"2023/01/07","06:06","-0.005","-","0.291"
"2023/01/07","06:12","0","-","0.301"
"2023/01/07","06:18","0.005","-","0.306"
"2023/01/07","06:24","0.011","-","0.313"
"2023/01/07","06:30","0.019","-","0.309"
"2023/01/07","06:36","0.026","-","0.312"
"2023/01/07","06:42","0.035","-","0.321"
"2023/01/07","06:48","0.044","-","0.31"
"2023/01/07","06:54","0.054","-","0.336"
"2023/01/07","07:00","0.064","-","0.347"
"2023/01/07","07:06","0.075","-","0.357"
"2023/01/07","07:12","0.086","-","0.366"
"2023/01/07","07:18","0.098","-","0.383"
"2023/01/07","07:24","0.111","-","0.392"
"2023/01/07","07:30","0.123","-","0.399"
"2023/01/07","07:36","0.136","-","0.408"
"2023/01/07","07:42","0.15","-","0.41"
"2023/01/07","07:48","0.164","-","0.425"
"2023/01/07","07:54","0.179","-","0.445"
"2023/01/07","08:00","0.194","-","0.456"
"2023/01/07","08:06","0.209","-","0.473"
"2023/01/07","08:12","0.225","-","0.489"
"2023/01/07","08:18","0.241","-","0.519"
"2023/01/07","08:24","0.258","-","0.535"
"2023/01/07","08:30","0.275","-","0.536"
"2023/01/07","08:36","0.293","-","0.56"
"2023/01/07","08:42","0.311","-","0.587"
"2023/01/07","08:48","0.329","-","0.607"
"2023/01/07","08:54","0.348","-","0.617"
"2023/01/07","09:00","0.368","-","0.64"
"2023/01/07","09:06","0.387","-","0.667"
"2023/01/07","09:12","0.408","-","0.678"
"2023/01/07","09:18","0.428","-","0.697"
"2023/01/07","09:24","0.449","-","0.725"
"2023/01/07","09:30","0.471","-","0.752"
"2023/01/07","09:36","0.493","-","0.776"
"2023/01/07","09:42","0.515","-","0.793"
"2023/01/07","09:48","0.537","-","0.812"
"2023/01/07","09:54","0.56","-","0.827"
"2023/01/07","10:00","0.582","-","0.851"
"2023/01/07","10:06","0.605","-","0.872"
"2023/01/07","10:12","0.628","-","0.882"
"2023/01/07","10:18","0.652","-","0.926"
"2023/01/07","10:24","0.675","-","0.947"
"2023/01/07","10:30","0.698","-","0.964"
"2023/01/07","10:36","0.721","-","0.995"
"2023/01/07","10:42","0.744","-","1.008"
"2023/01/07","10:48","0.767","-","1.035"
"2023/01/07","10:54","0.789","-","1.054"
"2023/01/07","11:00","0.811","-","1.063"
"2023/01/07","11:06","0.833","-","1.091"
"2023/01/07","11:12","0.854","-","1.103"
"2023/01/07","11:18","0.874","-","1.139"
"2023/01/07","11:24","0.894","-","1.152"
"2023/01/07","11:30","0.913","-","1.166"
"2023/01/07","11:36","0.932","-","1.194"
"2023/01/07","11:42","0.949","-","1.207"
"2023/01/07","11:48","0.965","-","1.231"
"2023/01/07","11:54","0.981","-","1.242"
"2023/01/07","12:00","0.995","-","1.249"
"2023/01/07","12:06","1.008","-","1.264"
"2023/01/07","12:12","1.02","-","1.278"
"2023/01/07","12:18","1.031","-","1.288"
"2023/01/07","12:24","1.04","-","1.302"
"2023/01/07","12:30","1.048","-","1.31"
"2023/01/07","12:36","1.055","-","1.323"
"2023/01/07","12:42","1.06","-","1.342"
"2023/01/07","12:48","1.063","-","1.342"
"2023/01/07","12:54","1.065","-","1.341"
"2023/01/07","13:00","1.065","-","1.334"
"2023/01/07","13:06","1.064","-","1.325"
"2023/01/07","13:12","1.062","-","1.328"
"2023/01/07","13:18","1.057","-","1.333"
"2023/01/07","13:24","1.051","-","1.325"
"2023/01/07","13:30","1.043","-","1.324"
"2023/01/07","13:36","1.034","-","1.309"
"2023/01/07","13:42","1.023","-","1.297"
"2023/01/07","13:48","1.011","-","1.291"
"2023/01/07","13:54","0.997","-","1.27"
"2023/01/07","14:00","0.981","-","1.256"
"2023/01/07","14:06","0.964","-","1.243"
"2023/01/07","14:12","0.946","-","1.221"
"2023/01/07","14:18","0.926","-","1.206"
"2023/01/07","14:24","0.904","-","1.185"
"2023/01/07","14:30","0.882","-","1.162"
"2023/01/07","14:36","0.858","-","1.14"
"2023/01/07","14:42","0.833","-","1.112"
"2023/01/07","14:48","0.807","-","1.096"
"2023/01/07","14:54","0.78","-","1.07"
"2023/01/07","15:00","0.752","-","1.039"
"2023/01/07","15:06","0.724","-","1.005"
"2023/01/07","15:12","0.695","-","0.975"
"2023/01/07","15:18","0.665","-","0.946"
"2023/01/07","15:24","0.635","-","0.906"
"2023/01/07","15:30","0.604","-","0.871"
"2023/01/07","15:36","0.574","-","0.834"
"2023/01/07","15:42","0.543","-","0.803"
"2023/01/07","15:48","0.513","-","0.775"
"2023/01/07","15:54","0.482","-","0.745"
"2023/01/07","16:00","0.452","-","0.7"
"2023/01/07","16:06","0.423","-","0.674"
"2023/01/07","16:12","0.394","-","0.636"
"2023/01/07","16:18","0.366","-","0.602"
"2023/01/07","16:24","0.339","-","0.584"
"2023/01/07","16:30","0.312","-","0.558"
"2023/01/07","16:36","0.287","-","0.535"
"2023/01/07","16:42","0.262","-","0.505"
"2023/01/07","16:48","0.239","-","0.475"
"2023/01/07","16:54","0.217","-","0.463"
"2023/01/07","17:00","0.196","-","0.441"
"2023/01/07","17:06","0.176","-","0.429"
"2023/01/07","17:12","0.157","-","0.398"
"2023/01/07","17:18","0.14","-","0.382"
"2023/01/07","17:24","0.124","-","0.373"
"2023/01/07","17:30","0.11","-","0.361"
"2023/01/07","17:36","0.096","-","0.352"
"2023/01/07","17:42","0.084","-","0.34"
"2023/01/07","17:48","0.073","-","0.336"
"2023/01/07","17:54","0.063","-","0.33"
"2023/01/07","18:00","0.054","-","0.33"
"2023/01/07","18:06","0.047","-","0.323"
"2023/01/07","18:12","0.04","-","0.32"
"2023/01/07","18:18","0.034","-","0.325"
"2023/01/07","18:24","0.03","-","0.312"
"2023/01/07","18:30","0.026","-","0.307"
"2023/01/07","18:36","0.023","-","0.302"
"2023/01/07","18:42","0.021","-","0.295"
"2023/01/07","18:48","0.02","-","0.292"
"2023/01/07","18:54","0.019","-","0.289"
"2023/01/07","19:00","0.019","-","0.297"
"2023/01/07","19:06","0.02","-","0.311"
"2023/01/07","19:12","0.022","-","0.309"
"2023/01/07","19:18","0.024","-","0.31"
"2023/01/07","19:24","0.027","-","0.31"
"2023/01/07","19:30","0.031","-","0.308"
"2023/01/07","19:36","0.035","-","0.314"
"2023/01/07","19:42","0.04","-","0.324"
"2023/01/07","19:48","0.046","-","0.326"
"2023/01/07","19:54","0.052","-","0.33"
"2023/01/07","20:00","0.059","-","0.337"
"2023/01/07","20:06","0.067","-","0.352"
"2023/01/07","20:12","0.076","-","0.357"
"2023/01/07","20:18","0.085","-","0.362"
"2023/01/07","20:24","0.095","-","0.37"
"2023/01/07","20:30","0.105","-","0.371"
"2023/01/07","20:36","0.117","-","0.385"
"2023/01/07","20:42","0.129","-","0.405"
"2023/01/07","20:48","0.142","-","0.417"
"2023/01/07","20:54","0.156","-","0.432"
"2023/01/07","21:00","0.17","-","0.45"
"2023/01/07","21:06","0.186","-","0.466"
"2023/01/07","21:12","0.202","-","0.481"
"2023/01/07","21:18","0.218","-","0.499"
"2023/01/07","21:24","0.236","-","0.505"
"2023/01/07","21:30","0.254","-","0.532"
"2023/01/07","21:36","0.273","-","0.552"
"2023/01/07","21:42","0.293","-","0.564"
"2023/01/07","21:48","0.313","-","0.581"
"2023/01/07","21:54","0.333","-","0.596"
"2023/01/07","22:00","0.355","-","0.61"
"2023/01/07","22:06","0.377","-","0.635"
"2023/01/07","22:12","0.399","-","0.659"
"2023/01/07","22:18","0.422","-","0.69"
"2023/01/07","22:24","0.445","-","0.717"
"2023/01/07","22:30","0.468","-","0.734"
"2023/01/07","22:36","0.492","-","0.744"
"2023/01/07","22:42","0.516","-","0.774"
"2023/01/07","22:48","0.54","-","0.797"
"2023/01/07","22:54","0.564","-","0.814"
"2023/01/07","23:00","0.587","-","0.835"
"2023/01/07","23:06","0.611","-","0.851"
"2023/01/07","23:12","0.635","-","0.877"
"2023/01/07","23:18","0.658","-","0.895"
"2023/01/07","23:24","0.681","-","0.914"
"2023/01/07","23:30","0.703","-","0.931"
"2023/01/07","23:36","0.725","-","0.952"
"2023/01/07","23:42","0.746","-","0.974"
"2023/01/07","23:48","0.767","-","0.985"
"2023/01/07","23:54","0.786","-","1.006"